{
  "dataset": "Starlight Curves",
  "n_train": 1000,
  "n_test": 8236,
  "n_novel_test": 7059,
  "detection": {
    "isolation_forest": {
      "AUROC": 0.942516786839604,
      "AUPRC": 0.9863823573371203,
      "F1": 0.9299077733860343,
      "Precision": 0.8691047900504864,
      "Recall": 0.9998583368749114
    },
    "ocsvm": {
      "AUROC": 0.809279668886216,
      "AUPRC": 0.9583386894211946,
      "F1": 0.9108391608391608,
      "Precision": 0.8668885191347754,
      "Recall": 0.9594843462246777
    },
    "lof": {
      "AUROC": 0.8974408321751742,
      "AUPRC": 0.9713288418617805,
      "F1": 0.9280641767490795,
      "Precision": 0.8659958277089214,
      "Recall": 0.9997166737498229
    },
    "cnn_autoencoder": {
      "AUROC": 0.9321432427230951,
      "AUPRC": 0.9849734648540093,
      "F1": 0.6272200772200772,
      "Precision": 0.9842471978188427,
      "Recall": 0.4602634934126647
    }
  },
  "counterfactual": {
    "validity_rate": 0.0005666525003541578,
    "mean_proximity": 4.330286238385927,
    "mean_sparsity": 11.165179203853237
  }
}