{
  "dataset": "Starlight Curves",
  "n_train": 3601,
  "n_test": 1320,
  "n_novel_test": 639,
  "detection": {
    "isolation_forest": {
      "AUROC": 0.4344894624723377,
      "AUPRC": 0.427762201049118,
      "F1": 0.611542730299667,
      "Precision": 0.47377472055030095,
      "Recall": 0.8622848200312989
    },
    "ocsvm": {
      "AUROC": 0.3981808947993722,
      "AUPRC": 0.405418367793801,
      "F1": 0.6098654708520179,
      "Precision": 0.47510917030567684,
      "Recall": 0.8513302034428795
    },
    "lof": {
      "AUROC": 0.5571113087400238,
      "AUPRC": 0.49987641014737605,
      "F1": 0.6563993627190653,
      "Precision": 0.4967845659163987,
      "Recall": 0.9671361502347418
    },
    "cnn_autoencoder": {
      "AUROC": 0.46693047828494877,
      "AUPRC": 0.44022524941739827,
      "F1": 0.12327044025157233,
      "Precision": 0.3141025641025641,
      "Recall": 0.07668231611893583
    }
  },
  "counterfactual": {
    "validity_rate": 0.2237871674491393,
    "mean_proximity": 2.7403477030082644,
    "mean_sparsity": 8.605633802816902
  }
}