{
  "dataset": "PTBXL",
  "n_train": 18323,
  "n_test": 2050,
  "n_anomalies_test": 1141,
  "detection": {
    "isolation_forest": {
      "AUROC": 0.8670178148402045,
      "AUPRC": 0.8893197853388122,
      "F1": 0.7343901649951472,
      "Precision": 0.5820512820512821,
      "Recall": 0.9947414548641542
    },
    "ocsvm": {
      "AUROC": 0.8423063165212228,
      "AUPRC": 0.8525414753607143,
      "F1": 0.7332041343669251,
      "Precision": 0.5805626598465473,
      "Recall": 0.9947414548641542
    },
    "lof": {
      "AUROC": 0.8431596007979414,
      "AUPRC": 0.8579256456540258,
      "F1": 0.7313144329896907,
      "Precision": 0.5781966377992868,
      "Recall": 0.9947414548641542
    },
    "cnn_autoencoder": {
      "AUROC": 0.5979208788538801,
      "AUPRC": 0.6689947536372581,
      "F1": 0.36983606557377047,
      "Precision": 0.734375,
      "Recall": 0.24715162138475022
    }
  },
  "counterfactual": {
    "validity_rate": 0.056091148115687994,
    "mean_proximity": 16.679962227247568,
    "mean_sparsity": 170.31113058720422
  }
}